"COMPLEX_CATEGORY","COMPLEX_NAME","FACILITY_TYPE","FACILITY_NAME","TIER","ADDRESS","TYP_OF_ORG","ORG","STEWARD","OPER","LABEL","WEBSITE","PHONE","NOTES","ACTIVE_LIVING_PROGRAM","GYM","GYMNAST_FAC","FITNSS_WGHT","FIT_STUDIO","MULTI_PURP_ROOMS","MEET_ROOMS","INDR_POOL","OUTDR_POOL","FW_25M","FW_50M","FW_18M","LANES_POOL","TEACH_POOL","WAVE_POOL","OTHER_POOL","INDR_WAD_POOL","DIVING_TANK","SPRINGBOARD","PLATFORM","DIVE_SLIDE","PLAY_SLIDE","ROPE_SWING","STEAM","HOT_TUB","SAUNA","CLIMB_WALL","TRACK_INDR","OUTDR_WAD_POOL","SPRAY_PARK","ICE_INDR","STAND_ICE","NHL_ICE","OLYMP_ICE","FIG_SKATING","CURL_RNK","CURL_SHEETS","INDR_SURFACE","INDR_TURF","DRY_PAD","RACQFAC_INDR","SQUASH_CRTS","RAQBALL_CRTS","BADMINT_CRTS","TENNIS_CRT","OUTDR_FIELD","ARTF_TURF_OUTDR","DIAM_FAC_OUTDR","TRACK_OUTDR","PUBLIC_GLF","SEMI_PRIV_GLF","HOLE_18","HOLE_9","DRIVERANG_OUTDR","DRIVERANG_INDR","SKI_NORDICTRCK","MUNICPAL_OP","NOTPROFIT_OP","PROFIT_OP","PRIVATE_OP","POINT"
,"Carrington Skatepark","Skate Park",,,"37 CARRINGTON PZ NW","Municipal","Parks","Parks","Parks","Carrington Skatepark","https://www.calgary.ca/rec-locations/skate-parks.html","311",,"N","0","N","N","0","0","0","N","N","0","0","0","0","N","N","N","N","N","N","N","0","0","N","N","N","N","N","N","N","N","N","0","0","0","N","N","0","N","0","0","N","0","0","0","0","N","0","N","N","N","N","N","N","N","N","N","Y","N","N","N","POINT (-114.0940119 51.1818643)"
"Arenas (except Leisure Centre arenas)","Ernie Starr Arena","Arena","Ice",,"4808 14 AV SE","Municipal","Recreation","Recreation","Recreation","Ernie Starr Arena","https://www.calgary.ca/rec-locations/arenas/ernie-starr.html","311","185' x 85' ice rink with 300 seat capacity","N","0","N","N","0","0","0","N","N","0","0","0","0","N","N","N","N","N","N","N","0","0","N","N","N","N","N","N","N","N","Y","1","0","0","N","N","0","N","0","0","N","0","0","0","0","N","0","N","N","N","N","N","N","N","N","N","Y","N","N","N","POINT (-113.9649419 51.0413756)"
"Golf Courses","Shaganappi Point Golf Course","Golf Course - Municipal","18 Hole Course",,"1200 26 ST SW","Municipal","Parks","Recreation","Parks","Shaganappi Point Golf Course","https://www.calgary.ca/rec-locations/golf/shaganappi-point.html","403-300-1007","18 hole, 9 hole, putting green","N","0","N","N","0","0","0","N","N","0","0","0","0","N","N","N","N","N","N","N","0","0","N","N","N","N","N","N","N","N","N","0","0","0","N","N","0","N","0","0","N","0","0","0","0","N","0","N","N","Y","N","Y","Y","Y","N","Y","Y","N","N","N","POINT (-114.1247929 51.0455075)"
,"Brentwood Sportsplex","Arena",,,"1520B NORTHMOUNT DR NW","Not-for-Profit","CA","Recreation","Brentwood CA","Brentwood Sportsplex","https://www.brentwoodcommunity.com/","403-284-3477","Ice rink, meeting room, banquet hall","N","0","N","N","0","0","1","N","N","0","0","0","0","N","N","N","N","N","N","N","0","0","N","N","N","N","N","N","N","N","Y","0","1","0","N","N","0","Y","0","1","N","0","0","0","0","N","0","N","N","N","N","N","N","N","N","N","N","Y","N","N","POINT (-114.1378257 51.0975122)"
"Athletic Parks","Glenmore Athletic Park","Athletic Park",,,"5300 19 ST SW","Municipal","Recreation","Water Resources","Recreation","Glenmore Athletic Park","https://www.calgary.ca/rec-locations/athletic-parks/glenmore.html","311","One soccer field, four flag football/one soccer field, one touch football field, 400m track & field, three baseball/softball diamonds and seven tennis courts","N","0","N","N","0","0","0","N","N","0","0","0","0","N","N","N","N","N","N","N","0","0","N","N","N","N","N","N","N","N","N","0","0","0","N","N","0","N","0","0","N","0","0","0","0","Y","0","Y","Y","N","N","N","N","N","N","N","Y","N","N","N","POINT (-114.1026915 51.0074053)"
,"Westside Recreation Centre","Leisure Centre",,,"2000 69 ST SW","Not-for-Profit","Westside Rec.","Recreation","Westside Regional Recreation Society","Westside Recreation Centre","https://www.westsiderec.com/","403-531-5875","Ice rink, waterslide, lazy river, tot pool, slide, climbing wall, fitness/weights, fitness studio, track, 2 gyms, hot tub, water slide, steam room and wave pool","Y","3","N","Y","5","0","0","Y","N","1","0","0","4","N","Y","N","Y","N","N","N","0","1","N","Y","Y","N","Y","Y","N","N","Y","0","1","0","N","N","0","N","0","0","N","0","0","2","0","Y","0","N","N","N","N","N","N","N","N","N","N","Y","N","N","POINT (-114.1855798 51.0357201)"
,"Crowfoot Arena","Arena",,,"8080 JOHN LAURIE BV NW","Not-for-Profit","CMHA","Parks","Crowfoot Minor Hockey Assoc.","Crowfoot Arena",,"403-241-1818","Ice rink","N","0","N","N","0","0","0","N","N","0","0","0","0","N","N","N","N","N","N","N","0","0","N","N","N","N","N","N","N","N","Y","1","0","0","Y","N","0","N","0","0","N","0","0","0","0","N","0","N","N","N","N","N","N","N","N","N","N","Y","N","N","POINT (-114.1950698 51.1285576)"
"Aquatic & Fitness Centres","Foothills Aquatic Centre","Aquatic & Fitness Centre",,"1","2424 UNIVERSITY DR NW","Municipal","Recreation","Recreation","Recreation","Foothills Aquatic Centre","https://www.calgary.ca/rec-locations/pools/foothills.html","311","Six-lane, 25m pool, dive pool with 1.5m slide and wading pool","Y","0","N","N","0","0","0","Y","N","1","0","0","6","N","N","N","Y","Y","N","N","1","0","N","N","N","N","N","N","N","N","N","0","0","0","N","N","0","N","0","0","N","0","0","0","0","N","0","N","N","N","N","N","N","N","N","N","Y","N","N","N","POINT (-114.1254572 51.0741065)"
,"Valleyview Spray Park","Spray Park",,,"28 ST SE & 30 AV SE","Municipal","Parks","Parks","Parks","Valleyview Spray Park","https://www.calgary.ca/parks/activities/outdoor-pools-spray-parks.html","311",,"N","0","N","N","0","0","0","N","N","0","0","0","0","N","N","N","N","N","N","N","0","0","N","N","N","N","N","N","N","Y","N","0","0","0","N","N","0","N","0","0","N","0","0","0","0","N","0","N","N","N","N","N","N","N","N","N","Y","Y","N","N","POINT (-113.9940324 51.0265129)"
,"Genesis Centre Artificial Turf","Artificial Turf",,,"7556 FALCONRIDGE BV NE","Not-for-Profit","Genesis","Recreation","North East Centre of Community Society","Genesis Centre Artificial Turf","https://genesis-centre.ca/","403-590-2833","106m x 86m main field; 86m x 47.5m cross fields","N","0","N","N","0","0","0","N","N","0","0","0","0","N","N","N","N","N","N","N","0","0","N","N","N","N","N","N","N","N","N","0","0","0","N","N","0","N","0","0","N","0","0","0","0","N","1","N","N","N","N","N","N","N","N","N","N","Y","N","N","POINT (-113.9508216 51.1195381)"
,"Prairie Winds Park Wading Pool & Spray Park","Outdoor Wading Pool",,,"223 CASTLERIDGE BV NE","Municipal","Parks","Parks","Parks","Prairie Winds Park Wading Pool & Spray Park","https://www.calgary.ca/parks/activities/outdoor-pools-spray-parks.html","311",,"N","0","N","N","0","0","0","N","N","0","0","0","0","N","N","N","N","N","N","N","0","0","N","N","N","N","N","N","Y","Y","N","0","0","0","N","N","0","N","0","0","N","0","0","0","0","N","0","N","N","N","N","N","N","N","N","N","Y","Y","N","N","POINT (-113.9711616 51.1037818)"
,"Brookfield Residential YMCA at Seton","Leisure Centre",,,"4995 MARKET ST SE","Not-for-Profit","YMCA","Recreation","YMCA Calgary","Brookfield Residential YMCA at Seton","https://www.ymcacalgary.org/locations/brookfield-residential-ymca-seton","403-351-5262","50m pool, diving, water park, leisure pool, 2 ice rinks, 3 gyms, fitness centre, fitness/aerobics studios, 200m track","Y","3","N","Y","1","1","1","Y","N","0","1","0","10","N","N","Y","N","N","N","Y","0","0","N","Y","Y","N","N","Y","N","N","Y","0","2","0","N","N","0","N","0","0","N","0","0","0","0","N","0","N","N","N","N","N","N","N","N","N","N","Y","N","N","POINT (-113.9457802 50.8796449)"
,"N.E. Community Skatepark","Skate Park",,,"7556 FALCONRIDGE BV NE","Municipal","Parks","Recreation","Parks","N.E. Community Skatepark","https://www.calgary.ca/rec-locations/skate-parks.html","311",,"N","0","N","N","0","0","0","N","N","0","0","0","0","N","N","N","N","N","N","N","0","0","N","N","N","N","N","N","N","N","N","0","0","0","N","N","0","N","0","0","N","0","0","0","0","N","0","N","N","N","N","N","N","N","N","N","Y","N","N","N","POINT (-113.9481396 51.1193116)"
"Arenas (except Leisure Centre arenas)","Stew Hendry and Henry Viney Arenas","Arena","Ice",,"810 13 AV NE","Municipal","Recreation","Recreation","Recreation","Henry Viney Arena","https://www.calgary.ca/rec-locations/arenas/henry-viney.html","311","185' x 85' ice rink with 400 seat capacity","N","0","N","N","0","0","1","N","N","0","0","0","0","N","N","N","N","N","N","N","0","0","N","N","N","N","N","N","N","N","Y","1","0","0","N","N","0","N","0","0","N","0","0","0","0","N","0","N","N","N","N","N","N","N","N","N","Y","N","N","N","POINT (-114.0454135 51.0653885)"
"Golf Courses","Confederation Park Golf Course","Golf Course - Municipal","Golf Course",,"3204 COLLINGWOOD DR NW","Municipal","Parks","Recreation","Parks","Confederation Park Golf Course","https://www.calgary.ca/rec-locations/golf/confederation-park.html","403-300-1002","9 hole, driving range","N","0","N","N","0","0","0","N","N","0","0","0","0","N","N","N","N","N","N","N","0","0","N","N","N","N","N","N","N","N","N","0","0","0","N","N","0","N","0","0","N","0","0","0","0","N","0","N","N","Y","N","N","Y","Y","N","Y","Y","N","N","N","POINT (-114.1017092 51.0791158)"
"Arenas (except Leisure Centre arenas)","Father David Bauer and Norma Bush Arenas","Arena","Ice",,"2424 UNIVERSITY DR NW","Municipal","Recreation","Recreation","Recreation","Norma Bush Arena","https://www.calgary.ca/rec-locations/arenas/norma-bush.html","311","185' x 85' ice rink with 60 seat capacity","N","0","N","N","0","0","0","N","N","0","0","0","0","N","N","N","N","N","N","N","0","0","N","N","N","N","N","N","N","N","Y","1","0","0","Y","N","0","N","0","0","N","0","0","0","0","N","0","N","N","N","N","N","N","N","N","N","Y","N","N","N","POINT (-114.1255878 51.0734361)"
,"CKE Skatepark","Skate Park",,,"1015 73 AV SW","Municipal","Parks","Parks","Parks","CKE Skatepark","https://www.calgary.ca/rec-locations/skate-parks.html","311",,"N","0","N","N","0","0","0","N","N","0","0","0","0","N","N","N","N","N","N","N","0","0","N","N","N","N","N","N","N","N","N","0","0","0","N","N","0","N","0","0","N","0","0","0","0","N","0","N","N","N","N","N","N","N","N","N","Y","N","N","N","POINT (-114.0839288 50.9873662)"
"Athletic Parks","Tom Brook Athletic Park","Athletic Park",,,"2000 SOUTHLAND DR SW","Municipal","Recreation","Recreation","Recreation","Tom Brook Athletic Park","https://www.calgary.ca/rec-locations/athletic-parks/tom-brook.html","311","One regulation soccer field with lights, and one softball diamond (264')","N","0","N","N","0","0","0","N","N","0","0","0","0","N","N","N","N","N","N","N","0","0","N","N","N","N","N","N","N","N","N","0","0","0","N","N","0","N","0","0","N","0","0","0","0","Y","0","Y","N","N","N","N","N","N","N","N","Y","N","N","N","POINT (-114.107835 50.9638601)"
"Aquatic & Fitness Centres","Glenmore Aquatic Centre","Aquatic & Fitness Centre",,"1","5330 19 ST SW","Municipal","Recreation","Water Resources","Recreation","Glenmore Aquatic Centre","https://www.calgary.ca/rec-locations/pools/glenmore.html","311","Six-lane, 25m pool, dive tank with 1m diving board, hot tub and multi-purpose room","Y","0","N","N","0","1","0","Y","N","1","0","0","6","N","N","N","N","Y","Y","N","1","0","N","N","Y","N","N","N","N","N","N","0","0","0","N","N","0","N","0","0","N","0","0","0","0","N","0","N","N","N","N","N","N","N","N","N","Y","N","N","N","POINT (-114.1054257 51.0062417)"
"Arenas (except Leisure Centre arenas)","Stu Peppard Arena","Arena","Ice",,"5320 19 ST SW","Municipal","Recreation","Water Resources","Recreation","Stu Peppard Arena","https://www.calgary.ca/rec-locations/arenas/stu-peppard.html","311","185' x 85' ice rink with 550 seat capacity, and dry pad activities from Apr. 10 - Aug. 6","N","0","N","N","0","0","0","N","N","0","0","0","0","N","N","N","N","N","N","N","0","0","N","N","N","N","N","N","N","N","Y","1","0","0","N","N","0","Y","0","1","N","0","0","0","0","N","0","N","N","N","N","N","N","N","N","N","Y","N","N","N","POINT (-114.1037498 51.0063937)"
,"Saddletowne YMCA","Leisure Centre",,,"7556 FALCONRIDGE BV NE","Not-for-Profit","YMCA","Parks","YMCA Calgary","Saddletowne YMCA","https://www.ymcacalgary.org/locations/saddletowne-ymca","403-237-2393","25m pool, teach pool, fitness/weights, track, gym, climbing wall, 2 fitness studios, hot tub, steam rooms","Y","1","N","Y","2","0","0","Y","N","1","0","0","6","Y","N","N","N","N","N","N","0","0","N","Y","Y","N","Y","Y","N","N","N","0","0","0","N","N","0","N","0","0","N","0","0","0","0","N","0","N","N","N","N","N","N","N","N","N","N","Y","N","N","POINT (-113.94786 51.1203202)"
"Golf Courses","Maple Ridge Golf Course","Golf Course - Municipal","Golf Course",,"1240 MAPLEGLADE DR SE","Municipal","Parks","Recreation","Parks","Maple Ridge Golf Course","https://www.calgary.ca/rec-locations/golf/maple-ridge.html","403-300-1004","18 hole, practice putting green","N","0","N","N","0","0","0","N","N","0","0","0","0","N","N","N","N","N","N","N","0","0","N","N","N","N","N","N","N","N","N","0","0","0","N","N","0","N","0","0","N","0","0","0","0","N","0","N","N","Y","N","Y","N","N","N","Y","Y","N","N","N","POINT (-114.032994 50.9523092)"
"Athletic Parks","Ernest Manning Athletic Park","Athletic Park","Ernest Manning Artificial Turf Field",,"20 SPRINGBOROUGH BV SW","Municipal","Recreation","Parks","Recreation","Ernest Manning Athletic Park","https://www.calgary.ca/rec-locations/athletic-parks/ernest-manning.html","311","One competition-sized artificial turf field","N","0","N","N","0","0","0","N","N","0","0","0","0","N","N","N","N","N","N","N","0","0","N","N","N","N","N","N","N","N","N","0","0","0","N","N","0","N","0","0","N","0","0","0","0","Y","1","N","N","N","N","N","N","N","N","N","Y","N","N","N","POINT (-114.1921601 51.03643)"
"Aquatic & Fitness Centres","Bob Bahan Aquatic & Fitness Centre","Aquatic & Fitness Centre",,"2","4812 14 AV SE","Municipal","Recreation","Recreation","Recreation","Bob Bahan Aquatic & Fitness Centre","https://www.calgary.ca/rec-locations/pools/bob-bahan.html","311","Six-lane, 25m pool, dive tank with 1m diving board, hot tub, steam room, weight room, cardio equipment, fitness studio and multipurpose room","Y","0","N","Y","1","0","0","Y","N","1","0","0","6","N","N","N","N","Y","Y","N","1","0","N","Y","Y","N","N","N","N","N","N","0","0","0","N","N","0","N","0","0","N","0","0","0","0","N","0","N","N","N","N","N","N","N","N","N","Y","N","N","N","POINT (-113.9639755 51.0413049)"
"Athletic Parks","Optimist Athletic Park","Athletic Park",,,"5020 26 AV SW","Municipal","Recreation","Recreation","Recreation","Optimist Athletic Park","https://www.calgary.ca/rec-locations/athletic-parks/optimist.html","311","One soccer field, two lacrosse fields, baseball diamond (400'), six softball diamonds, little league diamond and one unfenced little league diamond (275')","N","0","N","N","0","0","0","N","N","0","0","0","0","N","N","N","N","N","N","N","0","0","N","N","N","N","N","N","N","N","N","0","0","0","N","N","0","N","0","0","N","0","0","0","0","Y","0","Y","N","N","N","N","N","N","N","N","Y","N","N","N","POINT (-114.1615617 51.033288)"
,"Trico Centre for Family Wellness","Leisure Centre",,,"11150 BONAVENTURE DR SE","Not-for-Profit","FLCASC","Parks","Family Leisure Centre Assoc. of Southeast Calgary","Trico Centre for Family Wellness","https://www.tricocentre.ca/","403-278-7542","2 ice rinks, running track, fitness/weights, gym, 3 fitness studios, hot tub, steam room, wave pool, meeting rooms","Y","1","N","Y","2","5","6","Y","N","0","0","0","0","N","Y","N","N","N","N","N","0","0","N","Y","Y","N","N","Y","N","N","Y","0","2","0","N","N","0","N","0","0","N","0","0","0","0","N","0","Y","N","N","N","N","N","N","N","N","N","Y","N","N","POINT (-114.0589608 50.9522528)"
"Arenas (except Leisure Centre arenas)","Optimist and George Blundun Arenas","Arena","Ice",,"5020 26 AV SW","Municipal","Recreation","Recreation","Recreation","Optimist Arena","https://www.calgary.ca/rec-locations/arenas/optimist.html","311","185' x 85' ice rink with 300 seat capacity, and dry pad activities from Apr. 10 - Aug. 6","N","0","N","N","0","0","1","N","N","0","0","0","0","N","N","N","N","N","N","N","0","0","N","N","N","N","N","N","N","N","Y","1","0","0","N","N","0","Y","0","1","N","0","0","0","0","N","0","N","N","N","N","N","N","N","N","N","Y","N","N","N","POINT (-114.1601394 51.032302)"
,"Acadia Recreation Complex","Arena",,,"240 90 AV SE","Not-for-Profit","CA","Parks","Acadia CA","Acadia Recreation Complex","https://www.acadiarec.com/","403-255-1252","Ice rink, curling (10 sheets), 5 squash and racquetball courts","N","0","N","N","0","0","0","N","N","0","0","0","0","N","N","N","N","N","N","N","0","0","N","N","N","N","N","N","N","N","Y","1","0","0","N","Y","10","Y","0","1","Y","5","5","0","0","N","0","N","N","N","N","N","N","N","N","N","N","Y","N","N","POINT (-114.0652341 50.9730512)"
"Aquatic & Fitness Centres","Acadia Aquatic & Fitness Centre","Aquatic & Fitness Centre",,"1","9009 FAIRMOUNT DR SE","Municipal","Recreation","Recreation","Recreation","Acadia Aquatic & Fitness Centre","https://www.calgary.ca/rec-locations/pools/acadia.html","311","Six-lane, 25m pool, 2m pool slide, weight room, cardio equipment, fitness studio and multipurpose room","Y","0","N","Y","0","1","0","Y","N","1","0","0","6","N","N","N","N","N","N","N","0","1","Y","N","N","N","N","N","N","N","N","0","0","0","N","N","0","N","0","0","N","0","0","0","0","N","0","N","N","N","N","N","N","N","N","N","Y","N","N","N","POINT (-114.0601721 50.9734842)"
"Athletic Parks","Foothills Athletic Park","Athletic Park",,,"2424 UNIVERSITY DR NW","Municipal","Recreation","Recreation","Recreation","Foothills Athletic Park","https://www.calgary.ca/rec-locations/athletic-parks/foothills.html","311","Three regulation soccer fields, little league baseball diamond, 400m running track, eight public tennis courts and 12 public pickleball courts","N","0","N","N","0","0","0","N","N","0","0","0","0","N","N","N","N","N","N","N","0","0","N","N","N","N","N","N","N","N","N","0","0","0","N","N","0","N","0","0","N","0","0","0","8","Y","0","Y","Y","N","N","N","N","N","N","N","Y","N","N","N","POINT (-114.1241849 51.073274)"
,"Mount Pleasant Outdoor Pool","Outdoor Pool",,,"630 22 AV NW","Not-for-Profit","COSPA","Parks","COSPA","Mount Pleasant Outdoor Pool","https://www.calgaryoutdoorpools.ca/","403-207-5665","Free form pool with tot area","N","0","N","N","0","0","0","N","Y","0","0","0","0","N","N","Y","N","N","N","N","0","0","N","N","N","N","N","N","N","N","N","0","0","0","N","N","0","N","0","0","N","0","0","0","0","N","0","N","N","N","N","N","N","N","N","N","Y","Y","N","N","POINT (-114.0755791 51.0728712)"
,"Remington YMCA in Quarry Park","Leisure Centre",,,"108 QUARRY PARK RD SE","Not-for-Profit","YMCA","Recreation","Remington YMCA","Remington YMCA in Quarry Park","https://www.ymcacalgary.org/locations/remington-ymca-quarry-park","403-351-6678","25m pool (6 lane), small leisure pool, fitness centre, fitness studios, indoor track, gym, large/small multi-purpose rooms","Y","1","N","Y","1","2","0","Y","N","1","0","0","6","N","N","N","N","N","N","N","0","0","N","Y","Y","N","N","N","N","N","N","0","0","0","N","N","0","N","0","0","N","0","0","0","0","N","0","N","N","N","N","N","N","N","N","N","N","N","N","N","POINT (-114.006106 50.9617539)"
,"Riley Park Wading Pool","Outdoor Wading Pool",,,"800 12 ST NW","Municipal","Parks","Recreation","Recreation","Riley Park Wading Pool","https://www.calgary.ca/parks/activities/outdoor-pools-spray-parks.html","311",,"N","0","N","N","0","0","0","N","N","0","0","0","0","N","N","N","N","N","N","N","0","0","N","N","N","N","N","N","Y","N","N","0","0","0","N","N","0","N","0","0","N","0","0","0","0","N","0","N","N","N","N","N","N","N","N","N","Y","Y","N","N","POINT (-114.0891878 51.0588614)"
"Arenas (except Leisure Centre arenas)","Father David Bauer and Norma Bush Arenas","Arena","Ice",,"2424 UNIVERSITY DR NW","Municipal","Recreation","Recreation","Recreation","Father David Bauer Arena","https://www.calgary.ca/rec-locations/arenas/father-david-bauer.html","311","200' x 100' ice rink with 1750 seat capacity","N","0","N","N","0","0","1","N","N","0","0","0","0","N","N","N","N","N","N","N","0","0","N","N","N","N","N","N","N","N","Y","0","0","1","N","N","0","Y","0","1","N","0","0","0","0","N","0","N","N","N","N","N","N","N","N","N","Y","N","N","N","POINT (-114.1263475 51.0737779)"
,"Oakridge Community Association","Arena",,,"9504 OAKFIELD DR SW","Not-for-Profit","CA","Parks","Oakridge CA","Oakridge Community Association","https://oakridgecommunity.ca/arena-info/","403-238-0007","Ice rink, squash, hall","N","0","N","N","0","0","0","N","N","0","0","0","0","N","N","N","N","N","N","N","0","0","N","N","N","N","N","N","N","N","Y","1","0","0","N","N","0","N","0","0","Y","1","0","0","0","N","0","N","N","N","N","N","N","N","N","N","N","Y","N","N","POINT (-114.1317524 50.9685028)"
,"Triwood Community Association","Arena",,,"2244 CHICOUTIMI DR NW","Not-for-Profit","CA","Parks","Triwood CA","Triwood Community Association","https://www.triwoodcommunity.com/","403-282-2677","Ice rink","N","0","N","N","0","0","0","N","N","0","0","0","0","N","N","N","N","N","N","N","0","0","N","N","N","N","N","N","N","N","Y","1","0","0","N","N","0","Y","0","1","N","0","0","0","0","N","0","N","N","N","N","N","N","N","N","N","N","Y","N","N","POINT (-114.11089 51.08626)"
"Athletic Parks","Shouldice Athletic Park","Athletic Park",,,"1515 HOME RD NW","Municipal","Recreation","Recreation","Recreation","Shouldice Athletic Park","https://www.calgary.ca/rec-locations/athletic-parks/shouldice.html","311","Four natural turf fields, three artificial turf fields (one air-supported dome), four softball diamonds (240'), three softball diamonds and one diamond (370')","N","0","N","N","0","0","0","N","N","0","0","0","0","N","N","N","N","N","N","N","0","0","N","N","N","N","N","N","N","N","N","0","0","0","N","N","0","N","0","0","N","0","0","0","0","Y","3","Y","N","N","N","N","N","N","N","N","Y","N","N","N","POINT (-114.1694447 51.0739915)"
"Aquatic & Fitness Centres","Sir Winston Churchill Aquatic & Recreation Centre","Aquatic & Fitness Centre",,"2","1520 NORTHMOUNT DR NW","Municipal","Recreation","Recreation","Recreation","Sir Winston Churchill Aquatic & Recreation Centre","https://www.calgary.ca/rec-locations/pools/sir-winston-churchill.html","311","Six-lane, 25m pool, dive tank, hot tub, steam room, weight room, cardio equipment and fitness studio","Y","0","N","Y","0","0","0","Y","N","1","0","0","6","N","N","N","N","N","N","N","0","0","N","Y","Y","N","N","N","N","N","N","0","0","0","N","N","0","N","0","0","N","0","0","0","0","N","0","N","N","N","N","N","N","N","N","N","Y","N","N","N","POINT (-114.1379325 51.0968905)"
"Athletic Parks","New Brighton Athletic Park","Athletic Park",,,"5801 130 AV SE","Municipal","Recreation","Recreation","Recreation","New Brighton Athletic Park","https://www.calgary.ca/rec-locations/athletic-parks/new-brighton.html","311","Four natural turf fields, one natural turf baseball diamond, and a skatepark","N","0","N","N","0","0","0","N","N","0","0","0","0","N","N","N","N","N","N","N","0","0","N","N","N","N","N","N","N","N","N","0","0","0","N","N","0","N","0","0","N","0","0","0","0","Y","0","Y","N","N","N","N","N","N","N","N","Y","N","N","N","POINT (-113.9506376 50.9277328)"
,"Crowchild Twin Arenas","Arena",,,"185 SCENIC ACRES DR NW","Not-for-Profit","CTAA","Parks","Crowchild Twin Arena Assoc.","Crowchild Twin Arenas",,"403-239-0171","2 ice rinks, 2 meeting rooms","N","0","N","N","0","0","2","N","N","0","0","0","0","N","N","N","N","N","N","N","0","0","N","N","N","N","N","N","N","N","Y","2","0","0","N","N","0","N","0","0","N","0","0","0","0","N","0","N","N","N","N","N","N","N","N","N","N","Y","N","N","POINT (-114.2117333 51.1120679)"
"Golf Courses","Lakeview Golf Course","Golf Course - Municipal","Golf Course",,"5840 19 ST SW","Municipal","Parks","Recreation","Parks","Lakeview Golf Course","https://www.calgary.ca/rec-locations/golf/lakeview.html","403-300-1003","9 hole, practice putting green","N","0","N","N","0","0","0","N","N","0","0","0","0","N","N","N","N","N","N","N","0","0","N","N","N","N","N","N","N","N","N","0","0","0","N","N","0","N","0","0","N","0","0","0","0","N","0","N","N","Y","N","N","Y","N","N","N","Y","N","N","N","POINT (-114.1068464 51.0005944)"
"Arenas (except Leisure Centre arenas)","Stew Hendry and Henry Viney Arenas","Arena","Ice",,"810 13 AV NE","Municipal","Recreation","Recreation","Recreation","Stew Hendry Arena","https://www.calgary.ca/rec-locations/arenas/stew-hendry.html","311","185' x 85' ice rink with 150 seat capacity","N","0","N","N","0","0","0","N","N","0","0","0","0","N","N","N","N","N","N","N","0","0","N","N","N","N","N","N","N","N","Y","1","0","0","N","N","0","Y","0","1","N","0","0","0","0","N","0","N","N","N","N","N","N","N","N","N","Y","N","N","N","POINT (-114.0447057 51.0651839)"
"Miscellaneous Complexes","Calgary Soccer Centre","Soccer Centre","Soccer Fields",,"7000 48 ST SE","Municipal","Recreation","Recreation","Recreation","Calgary Soccer Centre","https://www.calgary.ca/rec-locations/soccer-centre.html","403-268-3800 #2","Eight indoor boarded fields, three outdoor competition-sized artificial turf fields, and one non-boarded competition-sized AT covered by an air-supported structure","N","0","N","N","0","0","0","N","N","0","0","0","0","N","N","N","N","N","N","N","0","0","N","N","N","N","N","N","N","N","N","0","0","0","N","N","0","Y","8","0","N","0","0","0","0","Y","3","N","N","N","N","N","N","N","N","N","Y","N","N","N","POINT (-113.9609424 50.99245)"
"Arenas (except Leisure Centre arenas)","Optimist and George Blundun Arenas","Arena","Ice",,"5020 26 AV SW","Municipal","Recreation","Recreation","Recreation","George Blundun Arena","https://www.calgary.ca/rec-locations/arenas/george-blunden.html","311","185' x 85' ice rink with 200 seat capacity, and dry pad activities from Apr. 10 - Aug. 6","N","0","N","N","0","0","0","N","N","0","0","0","0","N","N","N","N","N","N","N","0","0","N","N","N","N","N","N","N","N","Y","1","0","0","N","N","0","N","0","0","N","0","0","0","0","N","0","N","N","N","N","N","N","N","N","N","Y","N","N","N","POINT (-114.1600592 51.0319846)"
,"South Glenmore Spray Park","Spray Park",,,"9035 24 ST SW","Municipal","Parks","Water Resources","Parks","South Glenmore Spray Park","https://www.calgary.ca/parks/activities/outdoor-pools-spray-parks.html","311",,"N","0","N","N","0","0","0","N","N","0","0","0","0","N","N","N","N","N","N","N","0","0","N","N","N","N","N","N","N","Y","N","0","0","0","N","N","0","N","0","0","N","0","0","0","0","N","0","N","N","N","N","N","N","N","N","N","Y","Y","N","N","POINT (-114.1216671 50.9742742)"
"Arenas (except Leisure Centre arenas)","Murray Copot Arena","Arena","Ice",,"6715 CENTRE ST NW","Municipal","Recreation","Recreation","Recreation","Murray Copot Arena","https://www.calgary.ca/rec-locations/arenas/murray-copot.html","311","185' x 85' ice rink with 300 seat capacity","N","0","N","N","0","0","0","N","N","0","0","0","0","N","N","N","N","N","N","N","0","0","N","N","N","N","N","N","N","N","Y","1","0","0","N","N","0","N","0","0","N","0","0","0","0","N","0","N","N","N","N","N","N","N","N","N","Y","N","N","N","POINT (-114.0657305 51.1128428)"
"Golf Courses","McCall Lake Golf Course","Golf Course - Municipal","Golf Course (18 Hole)",,"1600 32 AV NE","Municipal","Parks","Recreation","Parks","McCall Lake Golf Course","https://www.calgary.ca/rec-locations/golf/mccall-lake.html","403-300-1005","18 hole & 9 hole, driving range, practice putting green and chipping area","N","0","N","N","0","0","0","N","N","0","0","0","0","N","N","N","N","N","N","N","0","0","N","N","N","N","N","N","N","N","N","0","0","0","N","N","0","N","0","0","N","0","0","0","0","N","0","N","N","Y","N","Y","Y","Y","N","N","Y","N","N","N","POINT (-114.020755 51.0841812)"
,"Vivo for Healthier Generations","Leisure Centre",,,"11950 COUNTRY VILLAGE LI NE","Not-for-Profit","VHGS","Recreation","Vivo for Healthier Generations Society","Vivo for Healthier Generations","https://www.vivo.ca/","403-532-1013","2 ice rinks, 2 - 25m pools, tots pool, fitness/weights, 3 gyms, badminton, climbing wall, multi-purpose room, steam room, hot tub","Y","3","N","Y","0","0","1","Y","N","1","0","0","2","N","N","N","Y","N","N","N","0","0","N","Y","Y","N","Y","N","N","N","Y","0","2","0","N","N","0","N","0","0","Y","0","0","3","0","Y","0","N","N","N","N","N","N","N","N","N","N","Y","N","N","POINT (-114.0655614 51.1595257)"
,"Mount Pleasant Sportsplex","Arena",,,"2408 6 ST NW","Not-for-Profit","CA","Parks","Mount Pleasant CA","Mount Pleasant Sportsplex","https://mpca.ca/sportsplex/","403-282-4088","Ice rink","N","0","N","N","0","0","0","N","N","0","0","0","0","N","N","N","N","N","N","N","0","0","N","N","N","N","N","N","N","N","Y","1","0","0","N","N","0","N","0","0","N","0","0","0","0","N","0","N","N","N","N","N","N","N","N","N","N","Y","N","N","POINT (-114.0754544 51.0734244)"
,"West Hillhurst Community Association","Arena",,,"1940 6 AV NW","Not-for-Profit","CA","Recreation","West Hillhurst CA","West Hillhurst Community Association","https://www.westhillhurst.com/","403-283-0464","Ice rink / dry pad, gym, fitness/weights, dance studio, 3 squash courts, 3 tennis courts","N","1","N","Y","0","0","0","N","N","0","0","0","0","N","N","N","N","N","N","N","0","0","N","N","N","N","N","N","N","N","Y","1","0","0","N","N","0","Y","0","1","Y","3","0","0","3","N","0","N","N","N","N","N","N","N","N","N","N","Y","N","N","POINT (-114.1045553 51.0580809)"
,"Huntington Hills Skatepark","Skate Park",,,"CENTRE ST & 64 AV NW","Municipal","Parks","Parks","Parks","Huntington Hills Skatepark","https://www.calgary.ca/rec-locations/skate-parks.html","311",,"N","0","N","N","0","0","0","N","N","0","0","0","0","N","N","N","N","N","N","N","0","0","N","N","N","N","N","N","N","N","N","0","0","0","N","N","0","N","0","0","N","0","0","0","0","N","0","N","N","N","N","N","N","N","N","N","Y","N","N","N","POINT (-114.065247 51.1112364)"
"Aquatic & Fitness Centres","Renfrew Aquatic & Recreation Centre","Aquatic & Fitness Centre",,"2","810 13 AV NE","Municipal","Recreation","Recreation","Recreation","Renfrew Aquatic & Recreation Centre","https://www.calgary.ca/rec-locations/pools/renfrew.html","311","Six-lane, 25m pool, dive tank with 1m diving board, hot tub, steam room, weight room, cardio equipment, fitness studio and multipurpose room","Y","0","N","Y","0","0","0","Y","N","1","0","0","6","N","N","N","N","Y","Y","N","0","0","N","Y","Y","N","N","N","N","N","N","0","0","0","N","N","0","N","0","0","N","0","0","0","0","N","0","N","N","N","N","N","N","N","N","N","Y","N","N","N","POINT (-114.0454868 51.0645637)"
"Arenas (except Leisure Centre arenas)","Rose Kohn and Jimmy Condon Arenas","Arena","Ice",,"502 HERITAGE DR SW","Municipal","Recreation","Recreation","Recreation","Jimmy Condon Arena","https://www.calgary.ca/rec-locations/arenas/jimmie-condon.html","311","200' x 85' ice rink with 60 seat capacity","N","0","N","N","0","0","0","N","N","0","0","0","0","N","N","N","N","N","N","N","0","0","N","N","N","N","N","N","N","N","Y","1","0","0","N","N","0","N","0","0","N","0","0","0","0","N","0","N","N","N","N","N","N","N","N","N","Y","N","N","N","POINT (-114.0742476 50.9803395)"
"Arenas (except Leisure Centre arenas)","Max Bell Centre","Arena","Ice #2",,"1001 BARLOW TR SE","Municipal","Recreation","Recreation","Recreation","Perry Cavanagh Arena","https://www.calgary.ca/rec-locations/arenas/perry-cavanagh.html","311","200' x 85' ice rink with 400 seat capacity","N","0","N","N","0","0","0","N","N","0","0","0","0","N","N","N","N","N","N","N","0","0","N","N","N","N","N","N","N","N","Y","0","1","0","N","N","0","N","0","0","N","0","0","0","0","N","0","N","N","N","N","N","N","N","N","N","Y","N","N","N","POINT (-114.0039036 51.0422659)"
,"Southwood Skatepark","Skate Park",,,"11 SACKVILLE DR SW","Municipal","Parks","Parks","Parks","Southwood Skatepark","https://www.calgary.ca/rec-locations/skate-parks.html","311",,"N","0","N","N","0","0","0","N","N","0","0","0","0","N","N","N","N","N","N","N","0","0","N","N","N","N","N","N","N","N","N","0","0","0","N","N","0","N","0","0","N","0","0","0","0","N","0","N","N","N","N","N","N","N","N","N","Y","N","N","N","POINT (-114.0872146 50.9560878)"
"Aquatic & Fitness Centres","Shouldice Aquatic Centre","Aquatic & Fitness Centre",,"1","5303 BOWNESS RD NW","Municipal","Recreation","Recreation","Recreation","Shouldice Aquatic Centre","https://www.calgary.ca/rec-locations/pools/shouldice.html","311","Six-lane, 25m pool, dive tank with 1.5m and 3m diving boards and steam room","Y","0","N","N","0","0","0","Y","N","1","0","0","6","N","N","N","N","Y","Y","N","1","0","N","Y","N","N","N","N","N","N","N","0","0","0","N","N","0","N","0","0","N","0","0","0","0","N","0","N","N","N","N","N","N","N","N","N","Y","N","N","N","POINT (-114.1720173 51.0770915)"
,"Melcor YMCA at Crowfoot","Leisure Centre",,,"8100 JOHN LAURIE BV NW","Not-for-Profit","YMCA","Parks","YMCA Calgary","Melcor YMCA at Crowfoot","https://www.ymcacalgary.org/locations/melcor-ymca-crowfoot","403-547-6576","25m pool, teach pool, fitness/weights, gym, fitness studio, multi-purpose rooms, steam rooms, hot tubs","Y","1","N","Y","1","2","0","Y","N","1","0","0","6","Y","N","N","N","N","N","N","0","0","N","Y","Y","N","N","N","N","N","N","0","0","0","N","N","0","N","0","0","N","0","0","0","0","N","0","N","N","N","N","N","N","N","N","N","N","Y","N","N","POINT (-114.1957451 51.1288172)"
"Arenas (except Leisure Centre arenas)","Frank McCool Arena","Arena","Ice",,"1900 LAKE BONAVISTA DR SE","Municipal","Recreation","Recreation","Recreation","Frank McCool Arena","https://www.calgary.ca/rec-locations/arenas/frank-mccool.html","311","185' x 85' ice rink with 250 seat capacity","N","0","N","N","0","0","1","N","N","0","0","0","0","N","N","N","N","N","N","N","0","0","N","N","N","N","N","N","N","N","Y","1","0","0","N","N","0","N","0","0","N","0","0","0","0","N","0","N","N","N","N","N","N","N","N","N","Y","N","N","N","POINT (-114.0501712 50.9360771)"
,"Forbes Innes Arena","Arena",,,"5600 CENTRE ST NE","Not-for-Profit","CA","Parks","Thorncliffe / Greenview CA","Forbes Innes Arena","https://www.tgcacalgary.com/arena-2/","403-274-6840","Ice rink / dry pad, gym, 2 fitness rooms, 4 meeting rooms","N","1","N","N","2","0","4","N","N","0","0","0","0","N","N","N","N","N","N","N","0","0","N","N","N","N","N","N","N","N","Y","1","0","0","Y","N","0","Y","0","1","N","0","1","0","0","N","0","N","N","N","N","N","N","N","N","N","N","Y","N","N","POINT (-114.061774 51.101549)"
,"Rocky Ridge Skatepark","Skate Park",,,"11300 ROCKY RIDGE RD NW","Municipal","Parks","Recreation","Shane Homes YMCA at Rocky Ridge","Rocky Ridge Skatepark","https://www.calgary.ca/rec-locations/skate-parks.html","311",,"N","0","N","N","0","0","0","N","N","0","0","0","0","N","N","N","N","N","N","N","0","0","N","N","N","N","N","N","N","N","N","0","0","0","N","N","0","N","0","0","N","0","0","0","0","N","0","N","N","N","N","N","N","N","N","N","N","Y","N","N","POINT (-114.2289906 51.1562208)"
,"Deer Run Skatepark","Skate Park",,,"2223 146 AV SE","Municipal","Parks","Parks","Parks","Deer Run Skatepark","https://www.calgary.ca/rec-locations/skate-parks.html","311",,"N","0","N","N","0","0","0","N","N","0","0","0","0","N","N","N","N","N","N","N","0","0","N","N","N","N","N","N","N","N","N","0","0","0","N","N","0","N","0","0","N","0","0","0","0","N","0","N","N","N","N","N","N","N","N","N","Y","N","N","N","POINT (-114.0077612 50.9222405)"
"Athletic Parks","Forest Lawn Athletic Park","Athletic Park",,,"4808 14 AV SE","Municipal","Recreation","Recreation","Recreation","Forest Lawn Athletic Park","https://www.calgary.ca/rec-locations/athletic-parks/forest-lawn.html","311","One 70 yard x 100 yard soccer field","N","0","N","N","0","0","0","N","N","0","0","0","0","N","N","N","N","N","N","N","0","0","N","N","N","N","N","N","N","N","N","0","0","0","N","N","0","N","0","0","N","0","0","0","0","Y","0","N","N","N","N","N","N","N","N","N","Y","N","N","N","POINT (-113.9624749 51.0417387)"
"Art Centres","North Mount Pleasant Arts Centre","Art Centre",,,"523 27 AV NW","Municipal","Recreation","Recreation","Recreation","North Mount Pleasant Arts Centre","https://www.calgary.ca/rec-locations/arts-centres/north-mount-pleasant.html","403-221-3682","Three studios dedicated to drawing and painting, three ceramic studios, six electric kilns, two large Bailey gas kilns and a salt and wood kiln","N","0","N","N","0","0","0","N","N","0","0","0","0","N","N","N","N","N","N","N","0","0","N","N","N","N","N","N","N","N","N","0","0","0","N","N","0","N","0","0","N","0","0","0","0","N","0","N","N","N","N","N","N","N","N","N","Y","N","N","N","POINT (-114.0727398 51.0767342)"
"Arenas (except Leisure Centre arenas)","Shouldice Arena","Arena","Ice",,"1515 HOME RD NW","Municipal","Recreation","Recreation","Recreation","Shouldice Arena","https://www.calgary.ca/rec-locations/arenas/shouldice.html","311","185' x 85' ice rink with 150 seat capacity","N","0","N","N","0","0","0","N","N","0","0","0","0","N","N","N","N","N","N","N","0","0","N","N","N","N","N","N","N","N","Y","1","0","0","N","N","0","Y","0","1","N","0","0","0","0","N","0","N","N","N","N","N","N","N","N","N","Y","N","N","N","POINT (-114.1654435 51.071077)"
,"Bowness Community Association","Arena",,,"7904 43 AV NW","Not-for-Profit","CA","Parks","Bowness CA","Bowness Community Association","https://www.mybowness.com/","403-288-8300","Ice rink, meeting room, main hall","N","0","N","N","0","0","1","N","N","0","0","0","0","N","N","N","N","N","N","N","0","0","N","N","N","N","N","N","N","N","Y","0","1","0","N","N","0","Y","0","1","N","0","0","0","0","N","0","N","N","N","N","N","N","N","N","N","N","Y","N","N","POINT (-114.2001596 51.0916543)"
,"West Confederation Park Spray Park","Spray Park",,,"2020 CHICOUTIMI DR SW","Municipal","Parks","Parks","Parks","West Confederation Park Spray Park","https://www.calgary.ca/parks/activities/outdoor-pools-spray-parks.html","311",,"N","0","N","N","0","0","0","N","N","0","0","0","0","N","N","N","N","N","N","N","0","0","N","N","N","N","N","N","N","Y","N","0","0","0","N","N","0","N","0","0","N","0","0","0","0","N","0","N","N","N","N","N","N","N","N","N","Y","Y","N","N","POINT (-114.1093267 51.0810754)"
,"Shouldice Seasonal Dome","Fieldhouse",,,"1515 HOME RD NW","Municipal","Recreation","Recreation","Recreation","Shouldice Seasonal Dome","https://www.calgary.ca/rec-locations/athletic-parks/shouldice.html","311","Air-supported structure over existing Encana artificial turf field at Shouldice Athletic Park. Inflated from November to May.","N","0","N","N","0","0","0","N","N","0","0","0","0","N","N","N","N","N","N","N","0","0","N","N","N","N","N","N","N","N","N","0","0","0","N","N","0","Y","1","0","N","0","0","0","0","N","0","N","N","N","N","N","N","N","N","N","Y","N","N","N","POINT (-114.1703028 51.0715726)"
,"Highwood Outdoor Pool","Outdoor Pool",,,"20 HARLOW AV NW","Not-for-Profit","COSPA","Recreation","COSPA","Highwood Outdoor Pool","https://www.calgaryoutdoorpools.ca/","403-207-5665","25m pool (4 lane), spray features integrated into the shallow tot/child area within main basin","N","0","N","N","0","0","0","N","Y","1","0","0","6","N","N","N","N","N","N","N","0","0","N","N","N","N","N","N","Y","N","N","0","0","0","N","N","0","N","0","0","N","0","0","0","0","N","0","N","N","N","N","N","N","N","N","N","Y","Y","N","N","POINT (-114.0779038 51.0921551)"
"Athletic Parks","Renfrew Athletic Park","Athletic Park",,,"810 13 AV NE","Municipal","Recreation","Recreation","Recreation","Renfrew Athletic Park","https://www.calgary.ca/rec-locations/athletic-parks/renfrew.html","311","Two regulation soccer fields, fenced softball diamond, and enclosed lit softball diamond","N","0","N","N","0","0","0","N","N","0","0","0","0","N","N","N","N","N","N","N","0","0","N","N","N","N","N","N","N","N","N","0","0","0","N","N","0","N","0","0","N","0","0","0","0","Y","0","Y","N","N","N","N","N","N","N","N","Y","N","N","N","POINT (-114.0439326 51.0655958)"
"Aquatic & Fitness Centres","Thornhill Aquatic & Recreation Centre","Aquatic & Fitness Centre",,"2","6715 CENTRE ST NW","Municipal","Recreation","Recreation","Recreation","Thornhill Aquatic & Recreation Centre","https://www.calgary.ca/rec-locations/pools/thornhill.html","311","Six-lane, 25m pool, dive tank with 1m diving board, hot tub, steam room, weight room, and cardio equipment","Y","0","N","Y","1","1","0","Y","N","1","0","0","6","N","N","N","N","Y","Y","N","0","0","N","Y","Y","N","N","N","N","N","N","0","0","0","N","N","0","N","0","0","N","0","0","0","0","N","0","N","N","N","N","N","N","N","N","N","Y","N","N","N","POINT (-114.0653043 51.112577)"
,"South Calgary Outdoor Pool","Outdoor Pool",,,"1626 32 AV SW","Not-for-Profit","COSPA","Recreation","COSPA","South Calgary Outdoor Pool","https://www.calgaryoutdoorpools.ca/","403-207-5665","25m pool (4 lane), spray features integrated into the shallow tot/child area within main basin","N","0","N","N","0","0","0","N","Y","1","0","0","6","N","N","N","N","N","N","N","0","0","N","N","N","N","N","N","N","N","N","0","0","0","N","N","0","N","0","0","N","0","0","0","0","N","0","N","N","N","N","N","N","N","N","N","Y","Y","N","N","POINT (-114.0988843 51.0252571)"
,"Don Hartman North East Sportsplex","Arena",,,"5200 68 ST NE","Not-for-Profit","NESS","Parks","North East Sportsplex Society","Don Hartman North East Sportsplex","https://www.nesportsplex.com/","403-590-2444","2 ice rinks, gym, fitness/weights","N","1","N","Y","0","0","0","N","N","0","0","0","0","N","N","N","N","N","N","N","0","0","N","N","N","N","N","N","N","N","Y","0","2","0","N","N","0","N","0","0","N","0","0","0","0","N","0","N","N","N","N","N","N","N","N","N","N","Y","N","N","POINT (-113.933604 51.1023492)"
"Leisure Centre Arenas","Village Square and Wally Kozak Arenas","Arena","Ice",,"2623 56 ST NE","Municipal","Recreation","Recreation","Recreation","Village Square #1 Arena","https://www.calgary.ca/rec-locations/pools/village-square-arenas.html","311","185'x85' ice rink with 120 seat capacity","N","0","N","N","0","0","2","N","N","0","0","0","0","N","N","N","N","N","N","N","0","0","N","N","N","N","N","N","N","N","Y","1","0","0","N","N","0","N","0","0","N","0","0","0","0","N","0","N","N","N","N","N","N","N","N","N","Y","N","N","N","POINT (-113.9543441 51.075514)"
,"Vecova Centre for Disability Services and Research","Leisure Centre",,,"3304 33 ST NW","Not-for-Profit","Vecova","RE&DS (CLA)","Vecova Centre for Disability Services and Research","Vecova Centre for Disability Services and Research","https://vecova.ca/aquatics-health-recreation/","403-284-1121","Salt-water pool, gym, 3 studios, 3 multi-purpose rooms","N","1","N","N","3","3","0","Y","N","0","0","0","0","N","N","Y","N","N","N","N","0","0","N","N","N","N","N","N","N","N","N","0","0","0","N","N","0","N","0","0","N","0","0","0","0","N","0","N","N","N","N","N","N","N","N","N","N","Y","N","N","POINT (-114.1325715 51.0822143)"
,"Great Plains Recreation Facility","Arena",,,"5749 76 AV SE","Not-for-Profit","CFSDA","Recreation","Canlan Ice Sports","Great Plains Recreation Facility","https://www.cfsda.ca/","403-476-5521","2 ice surfaces, meeting room, dryland training space","N","0","N","N","0","0","0","N","N","0","0","0","0","N","N","N","N","N","N","N","0","0","N","N","N","N","N","N","N","N","Y","2","0","0","N","N","0","N","0","0","N","0","0","0","0","N","0","N","N","N","N","N","N","N","N","N","N","N","N","N","POINT (-113.9478814 50.9844046)"
"Aquatic & Fitness Centres","Killarney Aquatic & Recreation Centre","Aquatic & Fitness Centre",,"2","1919 29 ST SW","Municipal","Recreation","Recreation","Recreation","Killarney Aquatic & Recreation Centre","https://www.calgary.ca/rec-locations/pools/killarney.html","311","Six-lane, 25m pool, teach pool, dive tank with 1m diving board, hot tub, steam room, weight room, cardio equipment, fitness studio and multipurpose rooms","Y","0","N","Y","0","1","0","Y","N","1","0","0","6","Y","N","N","N","Y","Y","N","0","0","N","Y","Y","N","N","N","N","N","N","0","0","0","N","N","0","N","0","0","N","0","0","0","0","N","0","N","N","N","N","N","N","N","N","N","Y","N","N","N","POINT (-114.1303089 51.0373704)"
"Leisure Centre Arenas","Ed Whalen and Joseph Kryczka Arenas","Arena","Ice",,"2000 SOUTHLAND DR SW","Municipal","Recreation","Recreation","Recreation","Joseph Kryczka Arena","https://www.calgary.ca/rec-locations/pools/southland-arenas.html","311","200' x 85' ice rink with 388 seat capacity, and dry pad activities from Apr. 10 - July 24","N","0","N","N","0","0","0","N","N","0","0","0","0","N","N","N","N","N","N","N","0","0","N","N","N","N","N","N","N","N","Y","1","0","0","N","N","0","N","0","0","N","0","0","0","0","N","0","N","N","N","N","N","N","N","N","N","Y","N","N","N","POINT (-114.1076441 50.9626992)"
"Aquatic & Fitness Centres","Glenmore Sailing School","Sailing School","School Lessons",,"8003 14 ST SW","Municipal","Recreation","Water Resources","Recreation","Glenmore Sailing School","https://www.calgary.ca/rec-locations/sailing-school.html","311","Renting a sailboat, canoe or kayak, youth and adult sailing lessons, indoor sailing theory, sailing camps and sailing group lessons","N","0","N","N","0","0","0","N","N","0","0","0","0","N","N","N","N","N","N","N","0","0","N","N","N","N","N","N","N","N","N","0","0","0","N","N","0","N","0","0","N","0","0","0","0","N","0","N","N","N","N","N","N","N","N","N","Y","N","N","N","POINT (-114.1194464 50.975028)"
,"Mid-Sun Skatepark","Skate Park",,,"50 MIDPARK RI SE","Municipal","Parks","Parks","Parks","Mid-Sun Skatepark","https://www.calgary.ca/rec-locations/skate-parks.html","311",,"N","0","N","N","0","0","0","N","N","0","0","0","0","N","N","N","N","N","N","N","0","0","N","N","N","N","N","N","N","N","N","0","0","0","N","N","0","N","0","0","N","0","0","0","0","N","0","N","N","N","N","N","N","N","N","N","Y","N","N","N","POINT (-114.0566406 50.9146069)"
"Leisure Centres (except Arenas)","Southland Leisure Centre","Leisure Centre - Municipal",,,"2000 SOUTHLAND DR SW","Municipal","Recreation","Recreation","Recreation","Southland Leisure Centre","https://www.calgary.ca/rec-locations/pools/southland.html","403-648-6555","Arenas, cardio equipment, climbing wall, dive tank, fitness studio, gymnasium, racquet sport courts, steam room, weight room, water park and wave pool","Y","2","Y","Y","1","0","0","Y","N","0","0","0","0","N","Y","N","N","N","N","N","0","1","N","Y","Y","N","Y","N","N","N","N","2","0","0","N","N","0","Y","0","2","Y","3","2","0","0","N","0","N","N","N","N","N","N","N","N","N","Y","N","N","N","POINT (-114.1085348 50.9622955)"
,"Jack Setters Arena","Arena",,,"2020 69 AV SE","Not-for-Profit","CA","Recreation","Millican Ogden CA","Jack Setters Arena","https://www.millicanogden.com/jack-setters-arena","403-236-3727","Ice rink","N","0","N","N","0","0","0","N","N","0","0","0","0","N","N","N","N","N","N","N","0","0","N","N","N","N","N","N","N","N","Y","1","0","0","Y","N","0","N","0","0","N","0","0","0","0","N","0","N","N","N","N","N","N","N","N","N","N","Y","N","N","POINT (-114.0124288 50.9917629)"
,"Shawnessy YMCA","Leisure Centre",,,"#400 333 SHAWVILLE BV SE","Not-for-Profit","YMCA","Parks","YMCA Calgary","Shawnessy YMCA","https://www.ymcacalgary.org/locations/shawnessy-ymca","403-256-5533","Pool, teach pool, fitness/weights, gym, running track, fitness studio, multi-purpose room, climbing wall, hot tub, steam rooms","Y","1","N","Y","1","1","0","Y","N","1","0","0","6","Y","N","N","N","N","N","N","0","0","N","Y","Y","N","Y","Y","N","N","N","0","0","0","N","N","0","N","0","0","N","0","0","0","0","N","0","N","N","N","N","N","N","N","N","N","N","Y","N","N","POINT (-114.0645662 50.8981208)"
,"East Calgary Twin Arenas","Arena",,,"299 ERIN WOODS DR SE","Not-for-Profit","ECTAS","Parks","East Calgary Twin Arena Society","East Calgary Twin Arenas","https://eastcalgary.ca/","403-273-8919","2 ice rinks","N","0","N","N","0","0","0","N","N","0","0","0","0","N","N","N","N","N","N","N","0","0","N","N","N","N","N","N","N","N","Y","2","0","0","N","N","0","N","0","0","N","0","0","0","0","N","0","N","N","N","N","N","N","N","N","N","N","Y","N","N","POINT (-113.9644547 51.0266017)"
"Arenas (except Leisure Centre arenas)","Max Bell Centre","Arena","Ice #1",,"1001 BARLOW TR SE","Municipal","Recreation","Recreation","Recreation","Ken Bracko Arena","https://www.calgary.ca/rec-locations/arenas/ken-bracko.html","311","200' x 90' ice rink with 2121 seat capacity, and dry pad activities from Apr. 10 - Aug. 21","N","0","N","N","0","0","3","N","N","0","0","0","0","N","N","N","N","N","N","N","0","0","N","N","N","N","N","Y","N","N","Y","0","0","1","N","N","0","Y","0","1","N","0","0","0","0","N","0","N","N","N","N","N","N","N","N","N","Y","N","N","N","POINT (-114.0044229 51.0419825)"
,"Cowboys Park","Skate Park",,,"1220 9 AV SW","Municipal","Parks","Parks","Parks","Cowboys Park","https://www.calgary.ca/rec-locations/skate-parks.html","311",,"N","0","N","N","0","0","0","N","N","0","0","0","0","N","N","N","N","N","N","N","0","0","N","N","N","N","N","N","N","N","N","0","0","0","N","N","0","N","0","0","N","0","0","0","0","N","0","N","N","N","N","N","N","N","N","N","Y","N","N","N","POINT (-114.091885 51.046135)"
,"Calgary Soccer Centre Dome","Fieldhouse",,,"7000 48 ST SE","Municipal",,"Recreation","Recreation","Calgary Soccer Centre Dome","https://www.calgary.ca/rec-locations/soccer-centre/dome-bookings.html","311","Air-supported structure over competition-sized artificial turf field.","N","0","N","N","0","0","0","N","N","0","0","0","0","N","N","N","N","N","N","N","0","0","N","N","N","N","N","N","N","N","N","0","0","0","N","N","0","Y","1","0","N","0","0","0","0","N","0","N","N","N","N","N","N","N","N","N","Y","N","N","N","POINT (-113.9633884 50.9913461)"
"Athletic Parks","Frank McCool Athletic Park","Athletic Park",,,"1900 LAKE BONAVISTA DR SE","Municipal","Recreation","Recreation","Recreation","Frank McCool Athletic Park","https://www.calgary.ca/rec-locations/athletic-parks/frank-mccool.html","311","Two soccer fields, and one athletic field","N","0","N","N","0","0","0","N","N","0","0","0","0","N","N","N","N","N","N","N","0","0","N","N","N","N","N","N","N","N","N","0","0","0","N","N","0","N","0","0","N","0","0","0","0","Y","0","N","N","N","N","N","N","N","N","N","Y","N","N","N","POINT (-114.0514282 50.9364838)"
,"Stanley Park Outdoor Pool & Wading Pool","Outdoor Pool",,,"4011 1A ST SW","Not-for-Profit","COSPA","Parks","COSPA","Stanley Park Outdoor Pool & Wading Pool","https://www.calgaryoutdoorpools.ca/","403-207-5665","25m pool (8 lane), wading pool with spray features (spray ring and floor nozzles)","N","0","N","N","0","0","0","N","Y","1","0","0","8","N","N","N","N","N","N","N","0","0","N","N","N","N","N","N","Y","N","N","0","0","0","N","N","0","N","0","0","N","0","0","0","0","N","0","N","N","N","N","N","N","N","N","N","Y","Y","N","N","POINT (-114.0693117 51.0172126)"
,"Rotary Park Spray Park","Spray Park",,,"617 1 ST NE","Municipal","Parks","Parks","Parks","Rotary Park Spray Park","https://www.calgary.ca/parks/activities/outdoor-pools-spray-parks.html","311",,"N","0","N","N","0","0","0","N","N","0","0","0","0","N","N","N","N","N","N","N","0","0","N","N","N","N","N","N","N","Y","N","0","0","0","N","N","0","N","0","0","N","0","0","0","0","N","0","N","N","N","N","N","N","N","N","N","Y","Y","N","N","POINT (-114.0605191 51.0573033)"
,"Genesis Centre of Community Wellness","Leisure Centre",,,"7556 FALCONRIDGE BV NE","Not-for-Profit","Genesis","Recreation","North East Centre of Community Society","Genesis Centre of Community Wellness","https://genesis-centre.ca/","403-590-2833","2 field houses (1 dry pad), gym, 2 multi-purpose rooms, soccer pitches","N","4","N","N","0","2","0","N","N","0","0","0","0","N","N","N","N","N","N","N","0","0","N","N","N","N","N","N","N","N","N","0","0","0","N","N","0","Y","0","2","N","0","0","0","0","Y","0","N","N","N","N","N","N","N","N","N","N","Y","N","N","POINT (-113.9492955 51.1206841)"
,"Somerset Spray Park","Spray Park",,,"999 SOMERSET DR SW","Not-for-Profit","CA","Parks","CA","Somerset Spray Park","https://www.calgary.ca/parks/activities/outdoor-pools-spray-parks.html","311",,"N","0","N","N","0","0","0","N","N","0","0","0","0","N","N","N","N","N","N","N","0","0","N","N","N","N","N","N","N","Y","N","0","0","0","N","N","0","N","0","0","N","0","0","0","0","N","0","N","N","N","N","N","N","N","N","N","N","N","N","N","POINT (-114.0774552 50.8982844)"
"Leisure Centre Arenas","Village Square and Wally Kozak Arenas","Arena","Ice",,"2623 56 ST NE","Municipal","Recreation","Recreation","Recreation","Wally Kozak Arena","https://www.calgary.ca/rec-locations/pools/village-square-arenas.html","311","200' x 85' ice rink with 50 seat capacity, and dry pad activities from Apr. 10 - Jul. 24","N","0","N","N","0","0","0","N","N","0","0","0","0","N","N","N","N","N","N","N","0","0","N","N","N","N","N","N","N","N","Y","1","0","0","N","N","0","N","0","0","N","0","0","0","0","N","0","N","N","N","N","N","N","N","N","N","Y","N","N","N","POINT (-113.9549218 51.0754928)"
,"Cardel Rec South","Arena",,,"#101 333 SHAWVILLE BV SE","Not-for-Profit","SFCRA","Parks","South Fish Creek Rec Association","Cardel Rec South","https://www.cardelrec.com/","403-201-8652","4 ice rinks, gymnasium, 3 multi-purpose meeting rooms, Shawnessy YMCA","N","1","N","N","0","3","3","N","N","0","0","0","0","N","N","N","N","N","N","N","0","0","N","N","N","N","N","N","N","N","Y","0","4","0","N","N","0","N","0","0","N","0","0","0","0","N","0","N","N","N","N","N","N","N","N","N","N","Y","N","N","POINT (-114.0636821 50.897025)"
"Arenas (except Leisure Centre arenas)","Rose Kohn and Jimmy Condon Arenas","Arena","Ice",,"502 HERITAGE DR SW","Municipal","Recreation","Recreation","Recreation","Rose Kohn Arena","https://www.calgary.ca/rec-locations/arenas/rose-kohn.html","311","185' x 85' ice rink with 220 seat capacity","N","0","N","N","0","0","2","N","N","0","0","0","0","N","N","N","N","N","N","N","0","0","N","N","N","N","N","N","N","N","Y","1","0","0","N","N","0","N","0","0","N","0","0","0","0","N","0","N","N","N","N","N","N","N","N","N","Y","N","N","N","POINT (-114.0749091 50.9804818)"
"Aquatic & Fitness Centres","Inglewood Aquatic Centre","Aquatic & Fitness Centre",,"1","1525 17 AV SE","Municipal","Recreation","Recreation","Recreation","Inglewood Aquatic Centre","https://www.calgary.ca/rec-locations/pools/inglewood.html","311","Six-lane, 25m pool, aquatic climbing wall, dry sauna and multipurpose room","Y","0","N","N","0","0","0","Y","N","1","0","0","6","N","N","N","N","N","N","N","0","1","Y","N","N","N","Y","N","N","N","N","0","0","0","N","N","0","N","0","0","N","0","0","0","0","N","0","N","N","N","N","N","N","N","N","N","Y","N","N","N","POINT (-114.0286761 51.0374477)"
"Art Centres","Wildflower Arts Centre","Art Centre",,,"3363 SPRUCE DR SW","Municipal","Recreation","Private","Recreation","Wildflower Arts Centre","https://www.calgary.ca/rec-locations/arts-centres/wildflower.html","403-249-3773","Three visual art studios, ceramics studio, electric kilns, and a 3,200 sq. ft. dance and drama studio","N","0","N","N","0","0","0","N","N","0","0","0","0","N","N","N","N","N","N","N","0","0","N","N","N","N","N","N","N","N","N","0","0","0","N","N","0","N","0","0","N","0","0","0","0","N","0","N","N","N","N","N","N","N","N","N","Y","N","N","N","POINT (-114.1355481 51.0462792)"
,"Millican-Ogden Outdoor Pool","Outdoor Pool",,,"6901 20A ST SE","Not-for-Profit","COSPA","Recreation","COSPA","Millican-Ogden Outdoor Pool","https://www.calgaryoutdoorpools.ca/","403-207-5665","25m pool (8 lane)","N","0","N","N","0","0","0","N","Y","1","0","0","8","N","N","N","N","N","N","N","0","0","N","N","N","N","N","N","N","N","N","0","0","0","N","N","0","N","0","0","N","0","0","0","0","N","0","N","N","N","N","N","N","N","N","N","Y","Y","N","N","POINT (-114.0118348 50.9912369)"
,"Shane Homes YMCA at Rocky Ridge","Leisure Centre",,,"11300 ROCKY RIDGE RD NW","Not-for-Profit","YMCA","Recreation","YMCA Calgary","Shane Homes YMCA at Rocky Ridge","https://www.ymcacalgary.org/locations/shane-homes-ymca-rocky-ridge","403-351-6673","25m pool, wave pool, 'lazy river', NHL ice, leisure rink, 3 gyms, strength and conditioning centre, 180m running track, climbing wall, 3 fitness studios","Y","3","N","Y","3","0","0","Y","N","1","0","0","8","N","Y","N","N","N","N","N","0","0","N","N","Y","N","Y","Y","N","N","Y","0","1","0","N","N","0","N","0","0","N","0","0","0","0","N","0","N","N","N","N","N","N","N","N","N","N","Y","N","N","POINT (-114.2315126 51.1571631)"
,"Bowness Skatepark","Skate Park",,,"4324 77 ST NW","Municipal","Parks","Parks","Parks","Bowness Skatepark","https://www.calgary.ca/rec-locations/skate-parks.html","311",,"N","0","N","N","0","0","0","N","N","0","0","0","0","N","N","N","N","N","N","N","0","0","N","N","N","N","N","N","N","N","N","0","0","0","N","N","0","N","0","0","N","0","0","0","0","N","0","N","N","N","N","N","N","N","N","N","Y","N","N","N","POINT (-114.1987784 51.090333)"
,"Lake Bonavista Community Association","Arena",,,"1401 ACADIA DR SE","Not-for-Profit","CA","Recreation","Lake Bonavista CA","Lake Bonavista Community Association","http://thelbca.ca/","403-271-7107","2 ice rinks, gym, fitness studio, meeting rooms","N","1","N","N","1","0","2","N","N","0","0","0","0","N","N","N","N","N","N","N","0","0","N","N","N","N","N","N","N","N","Y","2","0","0","Y","N","0","N","0","0","N","0","0","4","0","N","0","N","N","N","N","N","N","N","N","N","N","Y","N","N","POINT (-114.0491836 50.9368986)"
,"Silver Springs Outdoor Pool","Outdoor Pool",,,"5720 SILVER RIDGE DR NW","Not-for-Profit","COSPA","Recreation","Silver Springs CA","Silver Springs Outdoor Pool","https://www.calgaryoutdoorpools.ca/","403-221-3897","33m pool with 1m springboard and a 3m platform","N","0","N","N","0","0","0","N","Y","1","0","0","6","N","N","N","N","N","N","N","0","0","N","N","N","N","N","N","N","N","N","0","0","0","N","N","0","N","0","0","N","0","0","0","0","N","0","N","N","N","N","N","N","N","N","N","Y","Y","N","N","POINT (-114.1923556 51.1040506)"
,"MNP Community & Sport Centre","Leisure Centre",,,"2225 MACLEOD TR SE","Not-for-Profit","Civic Partner","Recreation","Lindsay Park Sports Society","MNP Community & Sport Centre","https://mnpcentre.com/","403-233-8393","2 - 50m pools, teach pool, dive tank, 5 gyms, track, fitness/weights, 2 fitness studios, racquetball, badminton, hot tub, stream room","Y","5","N","Y","5","0","0","Y","N","0","2","0","8","Y","N","N","N","Y","Y","Y","0","0","N","Y","Y","N","N","Y","N","N","N","0","0","0","N","N","0","N","0","0","Y","0","0","10","0","N","0","N","N","N","N","N","N","N","N","N","N","Y","N","N","POINT (-114.0633585 51.0345836)"
"Leisure Centre Arenas","Ed Whalen and Joseph Kryczka Arenas","Arena","Ice",,"2000 SOUTHLAND DR SW","Municipal","Recreation","Recreation","Recreation","Ed Whalen Arena","https://www.calgary.ca/rec-locations/pools/southland-arenas.html","311","200' x 85' ice rink with 65 seat capacity","N","0","N","N","0","0","0","N","N","0","0","0","0","N","N","N","N","N","N","N","0","0","N","N","N","N","N","N","N","N","Y","1","0","0","N","N","0","N","0","0","N","0","0","0","0","N","0","N","N","N","N","N","N","N","N","N","Y","N","N","N","POINT (-114.1073776 50.9623775)"
"Athletic Parks","Woodbine Athletic Park","Athletic Park",,,"96 WOODFIELD DR SW","Municipal","Recreation","Recreation","Recreation","Woodbine Athletic Park","https://www.calgary.ca/rec-locations/athletic-parks/woodbine.html","311","Two regulation soccer fields, and two softball diamonds (250')","N","0","N","N","0","0","0","N","N","0","0","0","0","N","N","N","N","N","N","N","0","0","N","N","N","N","N","N","N","N","N","0","0","0","N","N","0","N","0","0","N","0","0","0","0","Y","0","Y","N","N","N","N","N","N","N","N","Y","N","N","N","POINT (-114.119739 50.9373757)"
,"New Brighton Skatepark","Skate Park",,,"5801 130 AV SE","Municipal","Parks","Recreation","Parks","New Brighton Skatepark","https://www.calgary.ca/rec-locations/skate-parks.html","311",,"N","0","N","N","0","0","0","N","N","0","0","0","0","N","N","N","N","N","N","N","0","0","N","N","N","N","N","N","N","N","N","0","0","0","N","N","0","N","0","0","N","0","0","0","0","N","0","N","N","N","N","N","N","N","N","N","N","N","N","N","POINT (-113.9472 50.9283592)"
,"Huntington Hills Community Association","Arena",,,"520 78 AV NW","Not-for-Profit","CA","Parks","Huntington Hills CA","Huntington Hills Community Association","https://huntingtonhillscommunity.ca/","403-275-6666","Ice rink, curling (8 sheets), meeting room, main hall","N","0","N","N","0","0","1","N","N","0","0","0","0","N","N","N","N","N","N","N","0","0","N","N","N","N","N","N","N","N","Y","1","0","0","Y","Y","8","N","0","0","N","0","0","0","0","N","0","N","N","N","N","N","N","N","N","N","N","Y","N","N","POINT (-114.0723571 51.1237561)"
"Leisure Centres (except Arenas)","Village Square Leisure Centre","Leisure Centre - Municipal",,,"2623 56 ST NE","Municipal","Recreation","Recreation","Recreation","Village Square Leisure Centre","https://www.calgary.ca/rec-locations/pools/village-square.html","403-366-3900","Arenas, cardio equipment, dive tank, fitness studio, gymnasium, hot tub, kiddie pool, multipurpose rooms, splash zone, steam room, water park and wave pool","Y","1","N","Y","2","0","2","Y","N","0","0","0","0","N","Y","N","N","Y","Y","N","0","3","Y","Y","Y","N","N","N","N","N","N","2","0","0","N","N","0","Y","0","2","N","0","0","0","0","N","0","N","N","N","N","N","N","N","N","N","Y","N","N","N","POINT (-113.9544517 51.0760209)"
"Aquatic & Fitness Centres","Canyon Meadows Aquatic & Fitness Centre","Aquatic & Fitness Centre",,"2","89 CANOVA RD SW","Municipal","Recreation","Recreation","Recreation","Canyon Meadows Aquatic & Fitness Centre","https://www.calgary.ca/rec-locations/pools/canyon-meadows.html","311","Six-lane, 25m pool, dive tank with 1.5m diving board & vortex water slide, hot tub, steam room, weight room, cardio equipment, fitness studio and multipurpose room","Y","0","N","Y","1","0","0","Y","N","1","0","0","6","N","N","N","N","Y","N","N","1","0","N","Y","Y","N","N","N","N","N","N","0","0","0","N","N","0","N","0","0","N","0","0","0","0","N","0","N","N","N","N","N","N","N","N","N","Y","N","N","N","POINT (-114.08953 50.9484097)"
"Athletic Parks","Pop Davies Athletic Park","Athletic Park",,,"6415 OGDEN RD SE","Municipal","Recreation","Recreation","Recreation","Pop Davies Athletic Park","https://www.calgary.ca/rec-locations/athletic-parks/pop-davies.html","311","Two regulation soccer fields, and five softball diamonds","N","0","N","N","0","0","0","N","N","0","0","0","0","N","N","N","N","N","N","N","0","0","N","N","N","N","N","N","N","N","N","0","0","0","N","N","0","N","0","0","N","0","0","0","0","Y","0","Y","N","N","N","N","N","N","N","N","Y","N","N","N","POINT (-114.0085882 50.9962749)"
,"Bowview Outdoor Pool & Wading Pool","Outdoor Pool",,,"1910 6 AV NW","Not-for-Profit","COSPA","Recreation","COSPA","Bowview Outdoor Pool & Wading Pool","https://www.calgaryoutdoorpools.ca/","403-207-5665","25m pool (6 lane), wading pool with mushroom waterfall","N","0","N","N","0","0","0","N","Y","1","0","0","6","N","N","N","N","N","N","N","0","0","N","N","N","N","N","N","Y","N","N","0","0","0","N","N","0","N","0","0","N","0","0","0","0","N","0","N","N","N","N","N","N","N","N","N","Y","Y","N","N","POINT (-114.102984 51.057977)"
"Athletic Parks","Acadia Athletic Park","Athletic Park",,,"295 90 AV SE","Municipal","Recreation","Recreation","Recreation","Acadia Athletic Park","https://www.calgary.ca/rec-locations/athletic-parks/acadia.html","311","Sports field, and two flag football fields","N","0","N","N","0","0","0","N","N","0","0","0","0","N","N","N","N","N","N","N","0","0","N","N","N","N","N","N","N","N","N","0","0","0","N","N","0","N","0","0","N","0","0","0","0","Y","0","N","N","N","N","N","N","N","N","N","Y","N","N","N","POINT (-114.0629633 50.9710322)"
,"Forest Lawn Outdoor Pool & Wading Pool","Outdoor Pool",,,"1706 39 ST SE","Not-for-Profit","COSPA","Recreation","COSPA","Forest Lawn Outdoor Pool & Wading Pool","https://www.calgaryoutdoorpools.ca/","403-207-5665","25m pool (8 lane), wading pool with spray features (spray ring and floor nozzles)","N","0","N","N","0","0","0","N","Y","1","0","0","8","N","N","N","N","N","N","N","0","0","N","N","N","N","N","N","Y","N","N","0","0","0","N","N","0","N","0","0","N","0","0","0","0","N","0","N","N","N","N","N","N","N","N","N","Y","Y","N","N","POINT (-113.9763944 51.0387613)"
